site_code,project_code,project_title,site_type,subtype,stage,target_group_name,commodity_group_name,development_region,lga_name,longitude,latitude,active_flag
S0001709,J00772,Mt Weld REE / Lynas,Mine,Openpit,Operating,RARE EARTHS,Speciality metal,"GOLDFIELDS-ESPERANCE, Development Region","LAVERTON, SHIRE OF",122.547575,-28.863966,Y
S0224441,J03488,Karlawinda Gold,Mine,Openpit,Operating,GOLD,Precious metal,"MID-WEST, Development Region","MEEKATHARRA, SHIRE OF",120.095899,-23.765131,Y
S0236255,J05002,Beyondie Potash / Kalium Lakes,Infrastructure,Pond,Care And Maintenance,POTASH,Industrial mineral,"MID-WEST, Development Region","WILUNA, SHIRE OF",120.353831,-24.752342,Y
S0246046,J03488,Karlawinda Gold,Infrastructure,Power Plant,Operating,GOLD,Precious metal,"MID-WEST, Development Region","MEEKATHARRA, SHIRE OF",120.111915,-23.767332,Y
S0229741,J02247,Cosmos,Mine,Decline,Care And Maintenance,NICKEL,Steel alloy metal,"GOLDFIELDS-ESPERANCE, Development Region","LEONORA, SHIRE OF",120.575885,-27.596959,Y
S0019084,J00098,Agnew - Emu,Mine,Decline,Operating,GOLD,Precious metal,"GOLDFIELDS-ESPERANCE, Development Region","LEONORA, SHIRE OF",120.505808,-28.004485,Y
S0021076,J02867,Seven Mile Hill / Boral,Mine,Openpit,Operating,CONSTRUCTION MATERIALS,Construction material,"GOLDFIELDS-ESPERANCE, Development Region","COOLGARDIE, SHIRE OF",121.378288,-30.846275,Y
S0239301,J00098,Agnew - Emu,Infrastructure,Other,Operating,OTHER,Energy,"GOLDFIELDS-ESPERANCE, Development Region","LEONORA, SHIRE OF",120.512465,-27.99518,Y
S0001723,J00775,Yangibana / Hastings,Mine,Openpit,Proposed,RARE EARTHS,Speciality metal,"GASCOYNE, Development Region","UPPER GASCOYNE, SHIRE OF",116.295932,-23.906067,Y
S0223791,J00446,Sino - Cape Preston Iron,Infrastructure,Power Plant,Operating,OTHER,Energy,"PILBARA, Development Region","KARRATHA, CITY OF",116.15928,-21.07622,Y
S0224380,J03682,Iron Valley,Mine,Openpit,Operating,IRON ORE,Iron,"PILBARA, Development Region","EAST PILBARA, SHIRE OF",119.312624,-22.7317,Y
S0224496,J03830,Buckland - Bungaroo South,Mine,Openpit,Proposed,IRON ORE,Iron,"PILBARA, Development Region","ASHBURTON, SHIRE OF",116.523841,-22.010628,Y
S0229860,J00623,Newman / BHPB,Infrastructure,Power Plant,Operating,OTHER,Energy,"PILBARA, Development Region","EAST PILBARA, SHIRE OF",119.710194,-23.343145,Y
S0235993,J02889,Roy Hill Iron Ore,Mine,Openpit,Operating,IRON ORE,Iron,"PILBARA, Development Region","EAST PILBARA, SHIRE OF",120.01153,-22.557201,Y
S0001172,J00446,Sino - Cape Preston Iron,Mine,Openpit,Operating,IRON ORE,Iron,"PILBARA, Development Region","KARRATHA, CITY OF",116.141306,-21.081327,Y
S0001224,J00484,Robe River - Deepdale,Mine,Openpit,Operating,IRON ORE,Iron,"PILBARA, Development Region","ASHBURTON, SHIRE OF",116.247364,-21.751424,Y
S0001346,J00573,Jimblebar-Wheelarra-Hashimoto / BHPB,Mine,Openpit,Operating,IRON ORE,Iron,"PILBARA, Development Region","EAST PILBARA, SHIRE OF",120.13711,-23.380316,Y
S0001402,J00623,Newman / BHPB,Mine,Openpit,Operating,IRON ORE,Iron,"PILBARA, Development Region","EAST PILBARA, SHIRE OF",119.67541,-23.365347,Y
S0001607,J00576,Mining Area C,Mine,Openpit,Operating,IRON ORE,Iron,"PILBARA, Development Region","EAST PILBARA, SHIRE OF",118.962611,-22.929836,Y
S0002984,J00732,Yandicoogina / HI-Yandi,Mine,Openpit,Operating,IRON ORE,Iron,"PILBARA, Development Region","EAST PILBARA, SHIRE OF",119.299578,-22.809561,Y
S0003023,J00571,Marillana Creek - Yandi / BHPB,Mine,Openpit,Operating,IRON ORE,Iron,"PILBARA, Development Region","EAST PILBARA, SHIRE OF",119.113612,-22.741426,Y
S0020930,J00623,Newman / BHPB,Infrastructure,Power Plant,Operating,OTHER,Energy,"PILBARA, Development Region","EAST PILBARA, SHIRE OF",119.708513,-23.344225,Y
S0022599,J03378,Balmoral South / Australasian Resources,Mine,Openpit,Proposed,IRON ORE,Iron,"PILBARA, Development Region","KARRATHA, CITY OF",116.129482,-21.117823,Y
S0022982,J03359,Marillana / Brockman - MRL JV,Mine,Openpit,Proposed,IRON ORE,Iron,"PILBARA, Development Region","EAST PILBARA, SHIRE OF",119.209612,-22.587486,Y
S0023221,J03418,Hardey / API,Mine,Openpit,Proposed,IRON ORE,Iron,"PILBARA, Development Region","ASHBURTON, SHIRE OF",117.29112,-22.952741,Y
S0023281,J03436,Western Hub / FMG,Mine,Openpit,Operating,IRON ORE,Iron,"PILBARA, Development Region","ASHBURTON, SHIRE OF",116.830564,-22.493673,Y
S0023559,J01646,Solomon - Greater Solomon,Mine,Openpit,Operating,IRON ORE,Iron,"PILBARA, Development Region","ASHBURTON, SHIRE OF",117.869836,-22.159454,Y
S0237402,J05516,Chichester Power,Infrastructure,Other,Operating,OTHER,Energy,"PILBARA, Development Region","EAST PILBARA, SHIRE OF",119.748401,-22.419358,Y
S0237403,J02889,Roy Hill Iron Ore,Infrastructure,Power Plant,Operating,OTHER,Energy,"PILBARA, Development Region","EAST PILBARA, SHIRE OF",119.950167,-22.481549,Y
S0238495,J06545,Pilbara Energy Generation Project,Infrastructure,Power Plant,Operating,OTHER,Energy,"PILBARA, Development Region","ASHBURTON, SHIRE OF",117.956378,-22.148309,Y
S0238785,J00557,Gudai-Darri,Infrastructure,Power Plant,Operating,IRON ORE,Iron,"PILBARA, Development Region","EAST PILBARA, SHIRE OF",119.091997,-22.529727,Y
S0239697,J04564,Hancock / Alien,Mine,Openpit,Proposed,IRON ORE,Iron,"PILBARA, Development Region","EAST PILBARA, SHIRE OF",119.677494,-23.228025,Y
S0239823,J01407,East Pilbara Iron Ore / FMG,Mine,Openpit,Operating,IRON ORE,Iron,"PILBARA, Development Region","ASHBURTON, SHIRE OF",119.205939,-22.286145,Y
S0223635,J03678,Pilbara Iron (PIOP),Mine,Openpit,Proposed,IRON ORE,Iron,"PILBARA, Development Region","ASHBURTON, SHIRE OF",117.47171,-22.136988,Y
S0019496,J02379,Northwest Shelf / Woodside,Infrastructure,Processing Plant,Operating,PETROLEUM,Energy,"PILBARA, Development Region","KARRATHA, CITY OF",116.778712,-20.592707,Y
S0021511,J02584,Yara Nitrates JV,Infrastructure,Processing Plant,Operating,CHEMICALS,Other (MINEDEX non-minerals),"PILBARA, Development Region","KARRATHA, CITY OF",116.787589,-20.630081,Y
S0022573,J03260,Pluto LNG,Infrastructure,Processing Plant,Operating,PETROLEUM,Energy,"PILBARA, Development Region","KARRATHA, CITY OF",116.768313,-20.613266,Y
S0021518,J02972,Karratha Ammonia-Urea / Perdaman,Infrastructure,Processing Plant,Proposed,PETROLEUM,Other (MINEDEX non-minerals),"PILBARA, Development Region","KARRATHA, CITY OF",116.774034,-20.625255,Y
S0001918,J00919,Munglinup Graphite / MRC,Deposit,Unspecified,Undeveloped,GRAPHITE,Industrial mineral,"GOLDFIELDS-ESPERANCE, Development Region","ESPERANCE, SHIRE OF",120.858634,-33.663501,Y
S0238745,J00056,Central Norseman,Mine,Openpit,Operating,GOLD,Precious metal,"GOLDFIELDS-ESPERANCE, Development Region","DUNDAS, SHIRE OF",121.795715,-32.480014,Y
S0001506,J00717,Wingellina,Mine,Unspecified,Proposed,NICKEL,Steel alloy metal,"GOLDFIELDS-ESPERANCE, Development Region","NGAANYATJARRAKU, SHIRE OF",128.93931,-26.039626,Y
S0224540,J00347,Murchison / Westgold,Mine,Openpit,Care And Maintenance,GOLD,Precious metal,"MID-WEST, Development Region","CUE, SHIRE OF",118.138951,-27.461057,Y
S0224582,J00757,Forrestania Nickel / Western Areas,Mine,Decline,Care And Maintenance,NICKEL,Steel alloy metal,"WHEATBELT, Development Region","KONDININ, SHIRE OF",119.677784,-32.478137,Y
S0225867,J03467,Mt Bevan,Deposit,Unspecified,Undeveloped,IRON ORE,Iron,"GOLDFIELDS-ESPERANCE, Development Region","MENZIES, SHIRE OF",120.341279,-29.086445,Y
S0229274,J02146,Cue Gold,Mine,Openpit,Operating,GOLD,Precious metal,"MID-WEST, Development Region","CUE, SHIRE OF",117.831788,-27.697294,Y
S0230134,J04343,Twin Peaks,Mine,Openpit,Care And Maintenance,IRON ORE,Iron,"MID-WEST, Development Region","MURCHISON, SHIRE OF",116.025219,-27.309032,Y
S0230325,J00791,Medcalf - Bremer Range,Mine,Openpit,Proposed,VANADIUM - TITANIUM,Speciality metal,"GOLDFIELDS-ESPERANCE, Development Region","DUNDAS, SHIRE OF",120.782617,-32.538871,Y
S0231045,J02854,Marda / Southern Cross,Mine,Openpit,Operating,GOLD,Precious metal,"WHEATBELT, Development Region","YILGARN, SHIRE OF",119.409971,-29.953252,Y
S0233080,J04723,Sandy Ridge Kaolin / Tellus,Mine,Openpit,Under Development,CLAYS,Industrial mineral,"GOLDFIELDS-ESPERANCE, Development Region","COOLGARDIE, SHIRE OF",120.085354,-30.35609,Y
S0234476,J00147,Deflector,Mine,Decline,Operating,GOLD,Precious metal,"MID-WEST, Development Region","YALGOO, SHIRE OF",116.379451,-28.668979,Y
S0000033,J00017,Cue Gold - Central Murchison,Mine,Decline,Operating,GOLD,Precious metal,"MID-WEST, Development Region","CUE, SHIRE OF",117.655367,-27.318646,Y
S0000793,J00367,Youanmi Gold - OYG,Mine,Decline,Shut,GOLD,Precious metal,"MID-WEST, Development Region","SANDSTONE, SHIRE OF",118.839978,-28.610085,Y
S0000866,J00191,Ravensthorpe Gold,Mine,Decline,Proposed,GOLD,Precious metal,"GOLDFIELDS-ESPERANCE, Development Region","RAVENSTHORPE, SHIRE OF",120.196414,-33.681787,Y
S0001256,J00527,Golden Grove,Mine,Decline,Operating,COPPER - LEAD - ZINC,Base metal,"MID-WEST, Development Region","YALGOO, SHIRE OF",116.962417,-28.765074,Y
S0001758,J00789,Barrambie Vanadium-Titanium,Mine,Openpit,Proposed,VANADIUM - TITANIUM,Steel alloy metal,"MID-WEST, Development Region","SANDSTONE, SHIRE OF",119.121109,-27.433228,Y
S0001764,J00793,Windimurra Vanadium,Mine,Openpit,Proposed,VANADIUM - TITANIUM,Steel alloy metal,"MID-WEST, Development Region","MOUNT MAGNET, SHIRE OF",118.529969,-28.291607,Y
S0001774,J00800,Australian Vanadium project  - Gabanintha,Mine,Openpit,Proposed,VANADIUM - TITANIUM,Steel alloy metal,"MID-WEST, Development Region","MEEKATHARRA, SHIRE OF",118.646265,-26.967599,Y
S0001820,J02784,Mt Mulgine Tungsten,Deposit,Unspecified,Undeveloped,TUNGSTEN - MOLYBDENUM,Steel alloy metal,"MID-WEST, Development Region","PERENJORI, SHIRE OF",116.961847,-29.172054,Y
S0002167,J01005,Mt Cattlin Spodumene,Mine,Openpit,Care And Maintenance,TIN - TANTALUM - LITHIUM,Speciality metal,"GOLDFIELDS-ESPERANCE, Development Region","RAVENSTHORPE, SHIRE OF",120.033992,-33.562492,Y
S0003180,J00245,Mt Gibson Gold,Deposit,Unspecified,Undeveloped,GOLD,Precious metal,"MID-WEST, Development Region","YALGOO, SHIRE OF",117.181672,-29.720641,Y
S0004178,J00757,Forrestania Nickel / Western Areas,Infrastructure,Processing Plant,Care And Maintenance,NICKEL,Steel alloy metal,"WHEATBELT, Development Region","KONDININ, SHIRE OF",119.742808,-32.580907,Y
S0006503,J05290,Central Sandstone / Aurumin,Mine,Openpit,Proposed,GOLD,Precious metal,"MID-WEST, Development Region","SANDSTONE, SHIRE OF",119.248976,-28.095717,Y
S0006685,J02145,Ravensthorpe - First Quantum,Mine,Openpit,Care And Maintenance,NICKEL,Steel alloy metal,"GOLDFIELDS-ESPERANCE, Development Region","RAVENSTHORPE, SHIRE OF",120.325462,-33.576402,Y
S0019502,J02617,Victory Bore,Deposit,Unspecified,Undeveloped,VANADIUM - TITANIUM,Steel alloy metal,"MID-WEST, Development Region","SANDSTONE, SHIRE OF",118.989044,-28.2619,Y
S0020742,J02815,Karara - Blue Hills / Gindalbie,Mine,Openpit,Operating,IRON ORE,Iron,"MID-WEST, Development Region","PERENJORI, SHIRE OF",116.774437,-29.187531,Y
S0022045,J00596,Mt Gibson Iron,Mine,Openpit,Operating,IRON ORE,Iron,"MID-WEST, Development Region","YALGOO, SHIRE OF",117.166209,-29.588477,Y
S0022686,J03041,Wiluna West Iron,Mine,Openpit,Operating,IRON ORE,Iron,"MID-WEST, Development Region","WILUNA, SHIRE OF",119.937312,-26.680347,Y
S0022914,J03340,Lake Giles Magnetite and Ularring Hematite,Mine,Openpit,Proposed,IRON ORE,Iron,"GOLDFIELDS-ESPERANCE, Development Region","MENZIES, SHIRE OF",119.921925,-29.811568,Y
S0023105,J05539,Iron Ridge,Mine,Openpit,Operating,IRON ORE,Iron,"MID-WEST, Development Region","CUE, SHIRE OF",117.684512,-26.943926,Y
S0023170,J04475,Shine,Mine,Openpit,Operating,IRON ORE,Iron,"MID-WEST, Development Region","YALGOO, SHIRE OF",116.936541,-28.85152,Y
S0023347,J02673,Koolanooka & Blue Hills - Mungada / Sinosteel,Mine,Openpit,Operating,IRON ORE,Iron,"MID-WEST, Development Region","PERENJORI, SHIRE OF",116.888661,-29.140211,Y
S0237036,J00156,Mt Magnet,Mine,Openpit,Operating,GOLD,Precious metal,"MID-WEST, Development Region","MOUNT MAGNET, SHIRE OF",117.781685,-28.074872,Y
S0023569,J03500,Parker Range - Mt Caudan Iron,Mine,Openpit,Operating,IRON ORE,Iron,"WHEATBELT, Development Region","YILGARN, SHIRE OF",119.555631,-31.614555,Y
S0238461,J05539,Iron Ridge,Infrastructure,Power Plant,Operating,IRON ORE,Iron,"MID-WEST, Development Region","CUE, SHIRE OF",117.679335,-26.954592,Y
S0238929,J00347,Murchison / Westgold,Infrastructure,Power Plant,Operating,GOLD,Precious metal,"MID-WEST, Development Region","CUE, SHIRE OF",118.146625,-27.455809,Y
S0234095,J04872,Mt Holland Lithium / Wesfarmers & SQM,Mine,Openpit,Operating,TIN - TANTALUM - LITHIUM,Speciality metal,"WHEATBELT, Development Region","YILGARN, SHIRE OF",119.747965,-32.092628,Y
S0237465,J05525,Penny Gold,Mine,Decline,Operating,GOLD,Precious metal,"MID-WEST, Development Region","SANDSTONE, SHIRE OF",118.810258,-28.853313,Y
S0224710,J00559,Koolyanobbing Iron,Mine,Openpit,Operating,IRON ORE,Iron,"GOLDFIELDS-ESPERANCE, Development Region","MENZIES, SHIRE OF",119.280926,-29.850385,Y
S0240820,J00017,Cue Gold - Central Murchison,Infrastructure,Power Plant,Operating,OTHER,Energy,"MID-WEST, Development Region","MEEKATHARRA, SHIRE OF",118.433116,-26.710332,Y
S0241343,J00226,Marvel Loch - Southern Cross,Mine,Openpit,Operating,GOLD,Precious metal,"WHEATBELT, Development Region","YILGARN, SHIRE OF",119.541813,-31.501183,Y
S0241815,J04723,Sandy Ridge Kaolin / Tellus,Infrastructure,Power Plant,Under Development,CLAYS,Industrial mineral,"GOLDFIELDS-ESPERANCE, Development Region","COOLGARDIE, SHIRE OF",120.097709,-30.366087,Y
S0243541,J00156,Mt Magnet,Infrastructure,Power Plant,Operating,OTHER,Energy,"MID-WEST, Development Region","MOUNT MAGNET, SHIRE OF",117.833866,-28.034318,Y
S0243542,J00156,Mt Magnet,Infrastructure,Power Plant,Operating,OTHER,Energy,"MID-WEST, Development Region","MOUNT MAGNET, SHIRE OF",117.8187,-28.029764,Y
S0023098,J00755,Weld Range Iron Ore,Mine,Openpit,Operating,IRON ORE,Iron,"MID-WEST, Development Region","CUE, SHIRE OF",117.837012,-26.873566,Y
S0236372,J01772,Garden Gully / New Murchison,Mine,Openpit,Operating,GOLD,Precious metal,"MID-WEST, Development Region","MEEKATHARRA, SHIRE OF",118.464348,-26.448724,Y
S0229694,J04276,Rebecca,Deposit,Unspecified,Undeveloped,GOLD,Precious metal,"GOLDFIELDS-ESPERANCE, Development Region","KALGOORLIE-BOULDER, CITY OF",122.863141,-30.358612,Y
S0230607,J00178,Kambalda - St Ives,Mine,Openpit,Operating,GOLD,Precious metal,"GOLDFIELDS-ESPERANCE, Development Region","COOLGARDIE, SHIRE OF",121.74553,-31.300004,Y
S0231406,J00251,Randalls - Mt Monger,Infrastructure,Power Plant,Operating,OTHER,Energy,"GOLDFIELDS-ESPERANCE, Development Region","KALGOORLIE-BOULDER, CITY OF",121.927461,-31.013166,Y
S0231766,J02241,Carosue Dam - Khartoum,Mine,Decline,Operating,GOLD,Precious metal,"GOLDFIELDS-ESPERANCE, Development Region","KALGOORLIE-BOULDER, CITY OF",122.359244,-30.159159,Y
S0232136,J00358,Kundana - White Flag,Mine,Decline,Operating,GOLD,Precious metal,"GOLDFIELDS-ESPERANCE, Development Region","COOLGARDIE, SHIRE OF",121.237823,-30.707865,Y
S0232513,J01703,Sunrise Dam,Infrastructure,Power Plant,Operating,GOLD,Precious metal,"GOLDFIELDS-ESPERANCE, Development Region","LAVERTON, SHIRE OF",122.439058,-29.092441,Y
S0232728,J02816,Kalgoorlie North,Mine,Openpit,Proposed,GOLD,Precious metal,"GOLDFIELDS-ESPERANCE, Development Region","KALGOORLIE-BOULDER, CITY OF",121.284819,-30.337147,Y
S0232796,J00134,Granny Smith,Infrastructure,Power Plant,Operating,GOLD,Precious metal,"GOLDFIELDS-ESPERANCE, Development Region","LAVERTON, SHIRE OF",122.357394,-28.843291,Y
S0234331,J04930,Kambalda Gold / RNC,Mine,Decline,Operating,GOLD,Precious metal,"GOLDFIELDS-ESPERANCE, Development Region","COOLGARDIE, SHIRE OF",121.689952,-31.242525,Y
S0234340,J01718,Kundana East,Infrastructure,Power Plant,Proposed,OTHER,Energy,"GOLDFIELDS-ESPERANCE, Development Region","COOLGARDIE, SHIRE OF",121.261449,-30.746316,Y
S0234764,J03724,Feysville,Deposit,Unspecified,Undeveloped,GOLD,Precious metal,"GOLDFIELDS-ESPERANCE, Development Region","KALGOORLIE-BOULDER, CITY OF",121.583848,-30.931857,Y
S0234790,J00358,Kundana - White Flag,Infrastructure,Power Plant,Operating,OTHER,Energy,"GOLDFIELDS-ESPERANCE, Development Region","COOLGARDIE, SHIRE OF",121.240802,-30.711329,Y
S0235008,J03557,Bulong South Gold,Mine,Decline,Proposed,GOLD,Precious metal,"GOLDFIELDS-ESPERANCE, Development Region","KALGOORLIE-BOULDER, CITY OF",121.762912,-30.816281,Y
S0000053,J02851,Boorara / Horizon,Mine,Openpit,Care And Maintenance,GOLD,Precious metal,"GOLDFIELDS-ESPERANCE, Development Region","KALGOORLIE-BOULDER, CITY OF",121.644094,-30.80928,Y
S0000137,J00075,Cork Tree Well - Delta,Mine,Openpit,Shut,GOLD,Precious metal,"GOLDFIELDS-ESPERANCE, Development Region","LAVERTON, SHIRE OF",122.404413,-28.338636,Y
S0000258,J04956,Goongarrie Lady,Mine,Openpit,Operating,GOLD,Precious metal,"GOLDFIELDS-ESPERANCE, Development Region","MENZIES, SHIRE OF",121.184491,-30.081341,Y
S0000352,J00170,Jeffreys Find,Mine,Openpit,Care And Maintenance,GOLD,Precious metal,"GOLDFIELDS-ESPERANCE, Development Region","DUNDAS, SHIRE OF",122.151147,-31.94642,Y
S0000357,J00256,Mt Morgans,Mine,Openpit,Operating,GOLD,Precious metal,"GOLDFIELDS-ESPERANCE, Development Region","LAVERTON, SHIRE OF",122.219297,-28.807175,Y
S0000404,J01338,Phillips Find,Mine,Openpit,Operating,GOLD,Precious metal,"GOLDFIELDS-ESPERANCE, Development Region","COOLGARDIE, SHIRE OF",120.965996,-30.612844,Y
S0000426,J01616,Ironstone Well,Deposit,Unspecified,Undeveloped,GOLD,Precious metal,"MID-WEST, Development Region","WILUNA, SHIRE OF",120.781908,-26.840597,Y
S0000584,J00270,Malcolm Challenger Gold - Murrin Murrin,Mine,Openpit,Operating,GOLD,Precious metal,"GOLDFIELDS-ESPERANCE, Development Region","LEONORA, SHIRE OF",121.817764,-28.899707,Y
S0000709,J02325,Linden Gold,Mine,Decline,Operating,GOLD,Precious metal,"GOLDFIELDS-ESPERANCE, Development Region","MENZIES, SHIRE OF",122.435829,-29.376492,Y
S0000811,J00424,Anglo Saxon - Trouser Legs,Mine,Openpit,Care And Maintenance,GOLD,Precious metal,"GOLDFIELDS-ESPERANCE, Development Region","MENZIES, SHIRE OF",122.731489,-30.076767,Y
S0000849,J00014,Coolgardie Gold / Focus,Mine,Openpit,Operating,GOLD,Precious metal,"GOLDFIELDS-ESPERANCE, Development Region","COOLGARDIE, SHIRE OF",121.200923,-30.932811,Y
S0001112,J00028,Bottle Creek,Mine,Openpit,Operating,GOLD,Precious metal,"GOLDFIELDS-ESPERANCE, Development Region","MENZIES, SHIRE OF",120.44681,-29.154026,Y
S0001178,J00452,Silver Swan - Black Swan,Mine,Openpit,Proposed,NICKEL,Steel alloy metal,"GOLDFIELDS-ESPERANCE, Development Region","KALGOORLIE-BOULDER, CITY OF",121.648884,-30.393485,Y
S0001288,J02628,Kambalda / Mincor,Mine,Decline,Care And Maintenance,NICKEL,Steel alloy metal,"GOLDFIELDS-ESPERANCE, Development Region","KALGOORLIE-BOULDER, CITY OF",121.661211,-31.164036,Y
S0001467,J00677,Spargoville Nickel,Mine,Openpit,Proposed,NICKEL,Steel alloy metal,"GOLDFIELDS-ESPERANCE, Development Region","COOLGARDIE, SHIRE OF",121.506415,-31.353794,Y
S0001585,J00440,Leinster,Mine,Decline,Care And Maintenance,NICKEL,Steel alloy metal,"GOLDFIELDS-ESPERANCE, Development Region","LEONORA, SHIRE OF",120.705608,-27.818105,Y
S0001667,J00756,Mt Keith / BHP Billiton,Mine,Openpit,Care And Maintenance,NICKEL,Steel alloy metal,"MID-WEST, Development Region","WILUNA, SHIRE OF",120.54175,-27.229585,Y
S0001691,J00766,Kalgoorlie Nickel Smelter,Infrastructure,Processing Plant,Care And Maintenance,NICKEL,Steel alloy metal,"GOLDFIELDS-ESPERANCE, Development Region","KALGOORLIE-BOULDER, CITY OF",121.484507,-30.874787,Y
S0002383,J00330,Gwalia - Leonora,Mine,Decline,Operating,GOLD,Precious metal,"GOLDFIELDS-ESPERANCE, Development Region","LEONORA, SHIRE OF",121.333484,-28.918407,Y
S0002432,J01324,Lake Cowan Gypsum / Whitfield,Mine,Openpit,Operating,GYPSUM,Industrial mineral,"GOLDFIELDS-ESPERANCE, Development Region","DUNDAS, SHIRE OF",121.741166,-32.233405,Y
S0002501,J04342,Mt Ida South,Mine,Openpit,Proposed,GOLD,Precious metal,"GOLDFIELDS-ESPERANCE, Development Region","MENZIES, SHIRE OF",120.530612,-29.168561,Y
S0002815,J00251,Randalls - Mt Monger,Mine,Decline,Operating,GOLD,Precious metal,"GOLDFIELDS-ESPERANCE, Development Region","KALGOORLIE-BOULDER, CITY OF",121.921372,-31.013124,Y
S0003101,J00181,Kanowna - Golden Valley,Mine,Decline,Operating,GOLD,Precious metal,"GOLDFIELDS-ESPERANCE, Development Region","KALGOORLIE-BOULDER, CITY OF",121.578017,-30.60898,Y
S0003946,J01307,Gordon - Sirdar,Mine,Openpit,Operating,GOLD,Precious metal,"GOLDFIELDS-ESPERANCE, Development Region","KALGOORLIE-BOULDER, CITY OF",121.594507,-30.450334,Y
S0004113,J06760,Bruno-Lewis,Mine,Openpit,Proposed,GOLD,Precious metal,"GOLDFIELDS-ESPERANCE, Development Region","LEONORA, SHIRE OF",121.59805,-28.797447,Y
S0004360,J00240,Mt Celia - Kangaroo Bore,Mine,Unspecified,Care And Maintenance,GOLD,Precious metal,"GOLDFIELDS-ESPERANCE, Development Region","MENZIES, SHIRE OF",122.498168,-29.45981,Y
S0004457,J02010,Ulysses Gold,Mine,Openpit,Operating,GOLD,Precious metal,"GOLDFIELDS-ESPERANCE, Development Region","MENZIES, SHIRE OF",121.366721,-29.198572,Y
S0004791,J00082,Darlot,Mine,Decline,Operating,GOLD,Precious metal,"GOLDFIELDS-ESPERANCE, Development Region","LEONORA, SHIRE OF",121.268908,-27.887515,Y
S0004886,J00019,Binduli,Mine,Openpit,Operating,GOLD,Precious metal,"GOLDFIELDS-ESPERANCE, Development Region","KALGOORLIE-BOULDER, CITY OF",121.383338,-30.774454,Y
S0005040,J00480,Murrin Murrin / Minara,Mine,Openpit,Operating,NICKEL,Steel alloy metal,"GOLDFIELDS-ESPERANCE, Development Region","LAVERTON, SHIRE OF",121.89551,-28.747155,Y
S0005573,J01011,Menzies,Mine,Openpit,Care And Maintenance,GOLD,Precious metal,"GOLDFIELDS-ESPERANCE, Development Region","MENZIES, SHIRE OF",121.015109,-29.683577,Y
S0005673,J00152,Higginsville,Mine,Unspecified,Operating,GOLD,Precious metal,"GOLDFIELDS-ESPERANCE, Development Region","COOLGARDIE, SHIRE OF",121.680308,-31.847276,Y
S0005907,J02197,East Menzies Gold,Mine,Openpit,Care And Maintenance,GOLD,Precious metal,"GOLDFIELDS-ESPERANCE, Development Region","MENZIES, SHIRE OF",121.091807,-29.664048,Y
S0006621,J01703,Sunrise Dam,Mine,Decline,Operating,GOLD,Precious metal,"GOLDFIELDS-ESPERANCE, Development Region","LAVERTON, SHIRE OF",122.419363,-29.079391,Y
S0016701,J02232,NiWest / GME,Deposit,Unspecified,Undeveloped,NICKEL,Steel alloy metal,"GOLDFIELDS-ESPERANCE, Development Region","LEONORA, SHIRE OF",121.807306,-29.043097,Y
S0016715,J02352,Kalgoorlie Nickel Project,Deposit,Unspecified,Undeveloped,NICKEL,Steel alloy metal,"GOLDFIELDS-ESPERANCE, Development Region","MENZIES, SHIRE OF",121.149012,-30.020487,Y
S0017018,J03296,Windarra Gold Tailings,Mine,Tailings storage facility,Proposed,GOLD,Precious metal,"GOLDFIELDS-ESPERANCE, Development Region","LAVERTON, SHIRE OF",122.248758,-28.499924,Y
S0017147,J03406,Aphrodite,Mine,Decline,Proposed,GOLD,Precious metal,"GOLDFIELDS-ESPERANCE, Development Region","KALGOORLIE-BOULDER, CITY OF",121.229587,-30.181097,Y
S0018854,J04549,Carbine / Evolution,Mine,Openpit,Operating,GOLD,Precious metal,"GOLDFIELDS-ESPERANCE, Development Region","COOLGARDIE, SHIRE OF",120.938312,-30.474917,Y
S0019514,J01726,Jundee - Nimary,Mine,Decline,Operating,GOLD,Precious metal,"MID-WEST, Development Region","WILUNA, SHIRE OF",120.604113,-26.372535,Y
S0019642,J00186,Tarmoola - King of the Hills,Mine,Openpit,Operating,GOLD,Precious metal,"GOLDFIELDS-ESPERANCE, Development Region","LEONORA, SHIRE OF",121.166076,-28.663843,Y
S0019710,J01718,Kundana East,Mine,Decline,Operating,GOLD,Precious metal,"GOLDFIELDS-ESPERANCE, Development Region","COOLGARDIE, SHIRE OF",121.243609,-30.727556,Y
S0021532,J02624,Matilda,Mine,Decline,Operating,GOLD,Precious metal,"MID-WEST, Development Region","WILUNA, SHIRE OF",120.246706,-26.620317,Y
S0021542,J00102,Golden Mile / KCGM,Mine,Openpit,Operating,GOLD,Precious metal,"GOLDFIELDS-ESPERANCE, Development Region","KALGOORLIE-BOULDER, CITY OF",121.50353,-30.777958,Y
S0021890,J02789,Widgiemooltha Nickel / Mincor,Mine,Decline,Care And Maintenance,NICKEL,Steel alloy metal,"GOLDFIELDS-ESPERANCE, Development Region","COOLGARDIE, SHIRE OF",121.621111,-31.700925,Y
S0022527,J02817,Mandilla,Deposit,Unspecified,Undeveloped,GOLD,Precious metal,"GOLDFIELDS-ESPERANCE, Development Region","COOLGARDIE, SHIRE OF",121.520113,-31.378336,Y
S0022989,J03360,Mt Thirsty,Deposit,Unspecified,Undeveloped,NICKEL,Steel alloy metal,"GOLDFIELDS-ESPERANCE, Development Region","DUNDAS, SHIRE OF",121.647807,-32.101878,Y
S0023210,J00082,Darlot,Infrastructure,Power Plant,Operating,OTHER,Energy,"GOLDFIELDS-ESPERANCE, Development Region","LEONORA, SHIRE OF",121.270186,-27.897001,Y
S0024157,J00250,Yandal - Bronzewing,Mine,Openpit,Operating,GOLD,Precious metal,"GOLDFIELDS-ESPERANCE, Development Region","LEONORA, SHIRE OF",120.939015,-27.419213,Y
S0236189,J02419,Thunderbox Gold,Mine,Decline,Operating,GOLD,Precious metal,"GOLDFIELDS-ESPERANCE, Development Region","LEONORA, SHIRE OF",121.007295,-28.195991,Y
S0236281,J02285,Mt Marion Lithium,Mine,Openpit,Operating,TIN - TANTALUM - LITHIUM,Speciality metal,"GOLDFIELDS-ESPERANCE, Development Region","COOLGARDIE, SHIRE OF",121.460085,-31.077395,Y
S0236468,J00184,Aldiss - Karonie,Mine,Openpit,Operating,GOLD,Precious metal,"GOLDFIELDS-ESPERANCE, Development Region","KALGOORLIE-BOULDER, CITY OF",122.560084,-31.039246,Y
S0236531,J00098,Agnew - Emu,Infrastructure,Power Plant,Operating,OTHER,Energy,"GOLDFIELDS-ESPERANCE, Development Region","LEONORA, SHIRE OF",120.513421,-27.99723,Y
S0236793,J04132,Tarmoola Aggregate / MLG Oz,Mine,Stockpile,Operating,CONSTRUCTION MATERIALS,Construction material,"GOLDFIELDS-ESPERANCE, Development Region","LEONORA, SHIRE OF",121.157925,-28.667398,Y
S0236968,J00342,Redcliffe,Mine,Openpit,Operating,GOLD,Precious metal,"GOLDFIELDS-ESPERANCE, Development Region","LAVERTON, SHIRE OF",121.563431,-28.462902,Y
S0237055,J01376,Pennys Find,Mine,Decline,Proposed,GOLD,Precious metal,"GOLDFIELDS-ESPERANCE, Development Region","KALGOORLIE-BOULDER, CITY OF",121.873865,-30.53085,Y
S0237291,J01837,New Bulong - Boundary - Kal East Gold Project,Mine,Openpit,Care And Maintenance,GOLD,Precious metal,"GOLDFIELDS-ESPERANCE, Development Region","KALGOORLIE-BOULDER, CITY OF",121.775318,-30.729082,Y
S0238023,J00772,Mt Weld REE / Lynas,Infrastructure,Processing Plant,Operating,RARE EARTHS,Speciality metal,"GOLDFIELDS-ESPERANCE, Development Region","KALGOORLIE-BOULDER, CITY OF",121.402116,-30.79577,Y
S0233226,J04745,Roe,Mine,Openpit,Proposed,GOLD,Precious metal,"GOLDFIELDS-ESPERANCE, Development Region","KALGOORLIE-BOULDER, CITY OF",122.56706,-30.715117,Y
S0000689,J00084,Davyhurst - Lady Ida - Mulline - Riverina - Siberia Gold,Mine,Decline,Operating,GOLD,Precious metal,"GOLDFIELDS-ESPERANCE, Development Region","MENZIES, SHIRE OF",120.56481,-29.74401,Y
S0001161,J04814,Mungari / Evolution,Mine,Openpit,Care And Maintenance,GOLD,Precious metal,"GOLDFIELDS-ESPERANCE, Development Region","COOLGARDIE, SHIRE OF",121.125901,-30.76261,Y
S0239942,J05641,Lady Julie,Mine,Openpit,Proposed,GOLD,Precious metal,"GOLDFIELDS-ESPERANCE, Development Region","LAVERTON, SHIRE OF",122.307224,-28.687753,Y
S0241339,J01726,Jundee - Nimary,Infrastructure,Power Plant,Operating,OTHER,Energy,"MID-WEST, Development Region","WILUNA, SHIRE OF",120.612274,-26.378076,Y
S0223460,J01287,Teutonic Bore - Jaguar,Mine,Decline,Care And Maintenance,COPPER - LEAD - ZINC,Base metal,"GOLDFIELDS-ESPERANCE, Development Region","LEONORA, SHIRE OF",121.158923,-28.478179,Y
S0019517,J00444,Bald Hill,Mine,Openpit,Care And Maintenance,TIN - TANTALUM - LITHIUM,Speciality metal,"GOLDFIELDS-ESPERANCE, Development Region","COOLGARDIE, SHIRE OF",122.177346,-31.522761,Y
S0242263,J00094,Porphyry - Northern Operations,Infrastructure,Power Plant,Proposed,OTHER,Energy,"GOLDFIELDS-ESPERANCE, Development Region","MENZIES, SHIRE OF",122.285334,-29.784079,Y
S0234164,J04902,Kathleen Valley Lithium,Mine,Openpit,Operating,TIN - TANTALUM - LITHIUM,Speciality metal,"GOLDFIELDS-ESPERANCE, Development Region","LEONORA, SHIRE OF",120.558141,-27.471056,Y
S0022741,J02802,Leonora - Crawford and Gambier Lass,Mine,Openpit,Proposed,GOLD,Precious metal,"GOLDFIELDS-ESPERANCE, Development Region","LEONORA, SHIRE OF",121.58491,-28.878056,Y
S0243263,J00772,Mt Weld REE / Lynas,Infrastructure,Power Plant,Operating,RARE EARTHS,Speciality metal,"GOLDFIELDS-ESPERANCE, Development Region","LAVERTON, SHIRE OF",122.525955,-28.858262,Y
S0239831,J04621,Kambalda Nickel,Mine,Decline,Proposed,NICKEL,Steel alloy metal,"GOLDFIELDS-ESPERANCE, Development Region","COOLGARDIE, SHIRE OF",121.79884,-31.343558,Y
S0000933,J04770,Bellevue,Mine,Decline,Operating,GOLD,Precious metal,"GOLDFIELDS-ESPERANCE, Development Region","LEONORA, SHIRE OF",120.55763,-27.636059,Y
S0243410,J04770,Bellevue,Infrastructure,Power Plant,Operating,OTHER,Energy,"GOLDFIELDS-ESPERANCE, Development Region","LEONORA, SHIRE OF",120.552344,-27.630257,Y
S0243721,J01726,Jundee - Nimary,Infrastructure,Power Plant,Operating,OTHER,Energy,"MID-WEST, Development Region","WILUNA, SHIRE OF",120.619836,-26.360092,Y
S0245194,J00019,Binduli,Infrastructure,Power Plant,Operating,OTHER,Energy,"GOLDFIELDS-ESPERANCE, Development Region","KALGOORLIE-BOULDER, CITY OF",121.368267,-30.788132,Y
S0245278,J05577,Jasper Hills,Mine,Decline,Operating,GOLD,Precious metal,"GOLDFIELDS-ESPERANCE, Development Region","MENZIES, SHIRE OF",123.116749,-29.099665,Y
S0003994,J02818,North Monger - Kal East Gold Project,Mine,Openpit,Operating,GOLD,Precious metal,"GOLDFIELDS-ESPERANCE, Development Region","KALGOORLIE-BOULDER, CITY OF",121.896962,-30.96945,Y
S0246239,J07035,Parkeston Power Station - Kalgoorlie,Infrastructure,Power Plant,Operating,OTHER,Energy,"GOLDFIELDS-ESPERANCE, Development Region","KALGOORLIE-BOULDER, CITY OF",121.506346,-30.737768,Y
S0246245,J00430,Mt Ida Gold,Infrastructure,Power Plant,Operating,GOLD,Precious metal,"GOLDFIELDS-ESPERANCE, Development Region","MENZIES, SHIRE OF",120.462235,-29.10149,Y
S0005068,J06689,Lady Ida / Lamerton Geoda,Mine,Openpit,Operating,GOLD,Precious metal,"GOLDFIELDS-ESPERANCE, Development Region","COOLGARDIE, SHIRE OF",120.662244,-30.494737,Y
S0001538,J00545,Abra - Mulgul,Mine,Decline,Operating,COPPER - LEAD - ZINC,Base metal,"MID-WEST, Development Region","MEEKATHARRA, SHIRE OF",118.585522,-24.638199,Y
S0224538,J03229,West Pilbara - Mt Stuart /API,Mine,Openpit,Proposed,IRON ORE,Iron,"PILBARA, Development Region","ASHBURTON, SHIRE OF",116.285766,-22.433621,Y
S0230520,J03193,Yarraloola / CZR,Mine,Openpit,Proposed,IRON ORE,Iron,"PILBARA, Development Region","ASHBURTON, SHIRE OF",116.011578,-21.761843,Y
S0022237,J03935,Pannawonica CID,Mine,Openpit,Proposed,IRON ORE,Iron,"PILBARA, Development Region","ASHBURTON, SHIRE OF",116.14756,-21.781662,Y
S0022812,J03312,Paulsens East Iron,Mine,Openpit,Care And Maintenance,IRON ORE,Iron,"PILBARA, Development Region","ASHBURTON, SHIRE OF",116.33697,-22.562834,Y
S0020506,J02011,Glenburgh,Mine,Openpit,Proposed,GOLD,Precious metal,"GASCOYNE, Development Region","UPPER GASCOYNE, SHIRE OF",116.100229,-25.391457,Y
S0230898,J04673,Yamarna - Gruyere JV,Mine,Openpit,Operating,GOLD,Precious metal,"GOLDFIELDS-ESPERANCE, Development Region","LAVERTON, SHIRE OF",123.845224,-27.984416,Y
S0236664,J01858,Yamarna / Gold Road,Deposit,Unspecified,Undeveloped,GOLD,Precious metal,"GOLDFIELDS-ESPERANCE, Development Region","LAVERTON, SHIRE OF",123.764018,-28.337695,Y
S0239299,J04673,Yamarna - Gruyere JV,Infrastructure,Power Plant,Operating,OTHER,Energy,"GOLDFIELDS-ESPERANCE, Development Region","LAVERTON, SHIRE OF",123.852586,-28.005041,Y
S0230742,J04275,McIntosh Graphite,Deposit,Unspecified,Undeveloped,GRAPHITE,Industrial mineral,"KIMBERLEY, Development Region","HALLS CREEK, SHIRE OF",127.962612,-17.611129,Y
S0001805,J00819,Panton,Mine,Decline,Proposed,CHROMITE - PLATINOIDS,Precious metal,"KIMBERLEY, Development Region","HALLS CREEK, SHIRE OF",127.831605,-17.751516,Y
S0019821,J00656,Savannah Nickel,Mine,Decline,Care And Maintenance,NICKEL,Steel alloy metal,"KIMBERLEY, Development Region","HALLS CREEK, SHIRE OF",128.025651,-17.353475,Y
S0001902,J00905,Speewah Fluorite,Deposit,Unspecified,Undeveloped,FLUORITE,Industrial mineral,"KIMBERLEY, Development Region","WYNDHAM-EAST KIMBERLEY, SHIRE OF",127.978837,-16.404296,Y
S0001602,J01147,Cockatoo Island,Mine,Openpit,Operating,IRON ORE,Iron,"KIMBERLEY, Development Region","DERBY/WEST KIMBERLEY, SHIRE OF",123.608019,-16.098391,Y
S0005227,J01916,Wuudagu Bauxite / VBX,Deposit,Unspecified,Undeveloped,BAUXITE - ALUMINA,Alumina,"KIMBERLEY, Development Region","WYNDHAM-EAST KIMBERLEY, SHIRE OF",126.472247,-14.279496,Y
S0019349,J02575,Wyndham Port Authority,Infrastructure,Port,Operating,UNASSIGNED,Other (MINEDEX non-minerals),"KIMBERLEY, Development Region","WYNDHAM-EAST KIMBERLEY, SHIRE OF",128.101114,-15.451146,Y
S0020981,J00728,Koolan Island,Mine,Openpit,Operating,IRON ORE,Iron,"KIMBERLEY, Development Region","DERBY/WEST KIMBERLEY, SHIRE OF",123.738107,-16.133014,Y
S0003046,J00626,Nifty,Mine,Decline,Care And Maintenance,COPPER - LEAD - ZINC,Base metal,"PILBARA, Development Region","EAST PILBARA, SHIRE OF",121.567408,-21.656745,Y
S0003263,J01613,O'Callaghans,Deposit,Unspecified,Undeveloped,TUNGSTEN - MOLYBDENUM,Steel alloy metal,"PILBARA, Development Region","EAST PILBARA, SHIRE OF",122.258509,-21.792087,Y
S0019793,J00338,Telfer / Greatland Resources,Infrastructure,Power Plant,Operating,OTHER,Energy,"PILBARA, Development Region","EAST PILBARA, SHIRE OF",122.182513,-21.741817,Y
S0000732,J00338,Telfer / Greatland Resources,Mine,Openpit,Operating,GOLD,Precious metal,"PILBARA, Development Region","EAST PILBARA, SHIRE OF",122.207128,-21.719551,Y
S0237397,J04792,Minyari Dome,Deposit,Unspecified,Undeveloped,GOLD,Precious metal,"PILBARA, Development Region","EAST PILBARA, SHIRE OF",122.257694,-21.381333,Y
S0020250,J02733,Gorgon LNG Processing,Infrastructure,Processing Plant,Operating,PETROLEUM,Energy,"PILBARA, Development Region","ASHBURTON, SHIRE OF",115.458308,-20.783456,Y
S0005219,J01915,Ridges Iron Ore,Mine,Openpit,Operating,IRON ORE,Iron,"KIMBERLEY, Development Region","WYNDHAM-EAST KIMBERLEY, SHIRE OF",128.260095,-16.618586,Y
S0019367,J02581,Ord River Hydro,Infrastructure,Power Plant,Operating,OTHER,Energy,"KIMBERLEY, Development Region","WYNDHAM-EAST KIMBERLEY, SHIRE OF",128.743826,-16.10519,Y
S0005047,J01894,Paroo Station,Mine,Openpit,Care And Maintenance,COPPER - LEAD - ZINC,Base metal,"MID-WEST, Development Region","WILUNA, SHIRE OF",119.943308,-26.519216,Y
S0224488,J03848,Mackay Potash / Agrimin,Mine,Pond,Proposed,POTASH,Industrial mineral,"PILBARA, Development Region","EAST PILBARA, SHIRE OF",128.433013,-22.550226,Y
S0230961,J00788,Port Gregory Garnet/GMA,Mine,Openpit,Operating,HEAVY MINERAL SANDS,Industrial mineral,"MID-WEST, Development Region","NORTHAMPTON, SHIRE OF",114.25626,-28.146616,Y
S0001864,J00871,Shark Bay Salt,Mine,Pond,Operating,SALT,Industrial mineral,"GASCOYNE, Development Region","SHARK BAY, SHIRE OF",113.402465,-26.157671,Y
S0003598,J01474,Lake MacLeod Gypsum,Mine,Openpit,Operating,GYPSUM,Industrial mineral,"GASCOYNE, Development Region","CARNARVON, SHIRE OF",113.562718,-24.234362,Y
S0004238,J01644,Lucky Bay Garnet,Mine,Openpit,Operating,HEAVY MINERAL SANDS,Industrial mineral,"MID-WEST, Development Region","NORTHAMPTON, SHIRE OF",114.183066,-28.029367,Y
S0019457,J01474,Lake MacLeod Gypsum,Infrastructure,Port,Operating,GYPSUM,Industrial mineral,"GASCOYNE, Development Region","CARNARVON, SHIRE OF",113.394117,-24.224587,Y
S0023351,J00870,Lake MacLeod Salt,Mine,Pond,Operating,SALT,Industrial mineral,"GASCOYNE, Development Region","CARNARVON, SHIRE OF",113.551608,-24.446488,Y
S0240062,J02467,Coburn Zircon,Mine,Openpit,Care And Maintenance,HEAVY MINERAL SANDS,Speciality metal,"GASCOYNE, Development Region","SHARK BAY, SHIRE OF",114.11905,-26.695937,Y
S0240113,J06004,HyEnergy - Green Hydrogen,Other,Unspecified,Proposed,OTHER,Energy,"GASCOYNE, Development Region","CARNARVON, SHIRE OF",113.768684,-25.091906,Y
S0245265,J06953,Murchison Hydrogen Renewables,Infrastructure,Processing Plant,Proposed,PETROLEUM,Other (MINEDEX non-minerals),"MID-WEST, Development Region","NORTHAMPTON, SHIRE OF",114.070523,-27.396632,Y
S0223607,J03668,Speewah Vanadium-Titanium,Mine,Openpit,Proposed,VANADIUM - TITANIUM,Steel alloy metal,"KIMBERLEY, Development Region","WYNDHAM-EAST KIMBERLEY, SHIRE OF",127.949547,-16.36141,Y
S0023302,J03442,Cyclone Zircon,Mine,Openpit,Proposed,HEAVY MINERAL SANDS,Speciality metal,"GOLDFIELDS-ESPERANCE, Development Region","LAVERTON, SHIRE OF",128.732183,-28.81705,Y
S0230566,J00725,Woodie Woodie (Mining Corridor) / ConsMin,Mine,Openpit,Operating,MANGANESE ORE,Steel alloy metal,"PILBARA, Development Region","EAST PILBARA, SHIRE OF",121.232375,-21.601475,Y
S0022801,J03309,Kumpupintil Lake,Mine,Pond,Under Development,POTASH,Industrial mineral,"PILBARA, Development Region","EAST PILBARA, SHIRE OF",122.814737,-23.281754,Y
S0006746,J00109,Fortnum,Mine,Decline,Operating,GOLD,Precious metal,"MID-WEST, Development Region","MEEKATHARRA, SHIRE OF",118.358508,-25.321886,Y
S0240915,J00109,Fortnum,Infrastructure,Power Plant,Operating,OTHER,Energy,"MID-WEST, Development Region","MEEKATHARRA, SHIRE OF",118.357911,-25.326353,Y
S0022843,J00753,West Pilbara - Red Hill / API,Mine,Openpit,Operating,IRON ORE,Iron,"PILBARA, Development Region","ASHBURTON, SHIRE OF",116.195804,-22.055675,Y
S0236158,J03221,Albany and Grasmere Wind Farms,Infrastructure,Power Plant,Operating,OTHER,Energy,"GREAT SOUTHERN, Development Region","ALBANY, CITY OF",117.759897,-35.044479,Y
S0001462,J00676,Southdown Magnetite,Mine,Openpit,Proposed,IRON ORE,Iron,"GREAT SOUTHERN, Development Region","ALBANY, CITY OF",118.521038,-34.542796,Y
S0019343,J02572,Albany Port Authority,Infrastructure,Port,Operating,UNASSIGNED,Other (MINEDEX non-minerals),"GREAT SOUTHERN, Development Region","ALBANY, CITY OF",117.903614,-35.039416,Y
S0022422,J03221,Albany and Grasmere Wind Farms,Infrastructure,Power Plant,Operating,OTHER,Energy,"GREAT SOUTHERN, Development Region","ALBANY, CITY OF",117.785114,-35.059046,Y
S0004316,J01658,Mindijup / TT Sand,Mine,Openpit,Operating,SILICA - SILICA SAND,Industrial mineral,"GREAT SOUTHERN, Development Region","ALBANY, CITY OF",118.076797,-34.768851,Y
S0019195,J00913,Three Springs Talc,Mine,Openpit,Operating,TALC,Industrial mineral,"MID-WEST, Development Region","THREE SPRINGS, SHIRE OF",115.861195,-29.506352,Y
S0023090,J00918,Kemerton Silicon / Simcoa,Mine,Openpit,Operating,SILICA - SILICA SAND,Industrial mineral,"WHEATBELT, Development Region","MOORA, SHIRE OF",116.03651,-30.518787,Y
S0005867,J02187,Oakajee Deepwater Port and Rail,Infrastructure,Port,Proposed,IRON ORE,Iron,"MID-WEST, Development Region","CHAPMAN VALLEY, SHIRE OF",114.59711,-28.615727,Y
S0246911,J07142,Oakajee Strategic Industrial Area,Infrastructure,Other,Proposed,UNASSIGNED,Other (MINEDEX non-minerals),"MID-WEST, Development Region","CHAPMAN VALLEY, SHIRE OF",114.612817,-28.599635,Y
S0240111,J06003,Western Green Energy Hub (WGEH),Infrastructure,Unspecified,Proposed,OTHER,Energy,"GOLDFIELDS-ESPERANCE, Development Region","DUNDAS, SHIRE OF",128.955111,-31.649304,Y
S0223554,J03660,Wheatstone LNG,Infrastructure,Processing Plant,Operating,PETROLEUM,Energy,"PILBARA, Development Region","ASHBURTON, SHIRE OF",114.992355,-21.697155,Y
S0223555,J03661,Macedon Domestic Gas,Infrastructure,Processing Plant,Operating,PETROLEUM,Energy,"PILBARA, Development Region","ASHBURTON, SHIRE OF",114.980473,-21.731537,Y
S0223575,J03665,Ashburton North Strategic Industrial Area,Infrastructure,Port,Operating,UNASSIGNED,Energy,"PILBARA, Development Region","ASHBURTON, SHIRE OF",115.003549,-21.684295,Y
S0236298,J05329,Tubridgi Underground Gas Storage Facility,Infrastructure,Processing Plant,Operating,PETROLEUM,Energy,"PILBARA, Development Region","ASHBURTON, SHIRE OF",114.86671,-21.783932,Y
S0020548,J00982,Onslow Salt,Infrastructure,Port,Operating,SALT,Industrial mineral,"PILBARA, Development Region","ASHBURTON, SHIRE OF",115.10115,-21.637048,Y
S0023352,J00982,Onslow Salt,Mine,Pond,Operating,SALT,Industrial mineral,"PILBARA, Development Region","ASHBURTON, SHIRE OF",115.156122,-21.706287,Y
S0236066,J05265,Mardie Salt-Potash / BCI,Mine,Pond,Under Development,SALT,Industrial mineral,"PILBARA, Development Region","KARRATHA, CITY OF",115.926501,-21.113907,Y
S0235708,J05140,Ashburton Salt / K+S,Mine,Pond,Proposed,SALT,Industrial mineral,"PILBARA, Development Region","ASHBURTON, SHIRE OF",114.730736,-21.875367,Y
S0016648,J00638,Lennard Shelf / Northwest,Deposit,Unspecified,Undeveloped,COPPER - LEAD - ZINC,Base metal,"KIMBERLEY, Development Region","DERBY/WEST KIMBERLEY, SHIRE OF",125.992788,-18.73047,Y
S0236617,J05392,Paterson / Greatland Resources,Mine,Decline,Under Development,GOLD,Precious metal,"PILBARA, Development Region","EAST PILBARA, SHIRE OF",122.640676,-21.727803,Y
S0229735,J04280,Thunderbird - Kimberley Mineral Sands,Mine,Openpit,Operating,HEAVY MINERAL SANDS,Speciality metal,"KIMBERLEY, Development Region","BROOME, SHIRE OF",122.967888,-17.431701,Y
S0006490,J04046,Derby Port,Infrastructure,Port,Care And Maintenance,COPPER - LEAD - ZINC,Base metal,"KIMBERLEY, Development Region","DERBY/WEST KIMBERLEY, SHIRE OF",123.606706,-17.292027,Y
S0243493,J04280,Thunderbird - Kimberley Mineral Sands,Infrastructure,Power Plant,Operating,HEAVY MINERAL SANDS,Speciality metal,"KIMBERLEY, Development Region","BROOME, SHIRE OF",122.979812,-17.434991,Y
S0246907,J07139,Browse LNG Precinct Strategic Industrial Area,Infrastructure,Other,Proposed,UNASSIGNED,Other (MINEDEX non-minerals),"KIMBERLEY, Development Region","BROOME, SHIRE OF",122.164352,-17.512855,Y
S0224451,J03840,Badgingarra Wind and Solar Farm,Infrastructure,Power Plant,Operating,OTHER,Energy,"WHEATBELT, Development Region","DANDARAGAN, SHIRE OF",115.286487,-30.376318,Y
S0022716,J00748,Atlas - North Perth Basin,Mine,Openpit,Operating,HEAVY MINERAL SANDS,Speciality metal,"WHEATBELT, Development Region","DANDARAGAN, SHIRE OF",115.248907,-30.538151,Y
S0002635,J00514,Eneabba / Iluka,Mine,Openpit,Care And Maintenance,HEAVY MINERAL SANDS,Speciality metal,"MID-WEST, Development Region","CARNAMAH, SHIRE OF",115.295144,-29.904478,Y
S0236949,J06643,Arrowsmith Central Silica Sand / VRX Silica,Mine,Openpit,Proposed,SILICA - SILICA SAND,Industrial mineral,"MID-WEST, Development Region","IRWIN, SHIRE OF",115.169228,-29.656129,Y
S0018998,J02458,Dongara Minerals Sands / Tronox,Mine,Openpit,Proposed,HEAVY MINERAL SANDS,Speciality metal,"MID-WEST, Development Region","IRWIN, SHIRE OF",115.142904,-29.431465,Y
S0005925,J02369,Beharra Springs,Infrastructure,Processing Plant,Operating,PETROLEUM,Energy,"MID-WEST, Development Region","IRWIN, SHIRE OF",115.140711,-29.463087,Y
S0226110,J04146,Mumbida Wind Farm,Infrastructure,Power Plant,Operating,OTHER,Energy,"MID-WEST, Development Region","GREATER GERALDTON, CITY OF",114.966957,-28.988055,Y
S0020979,J02857,Alinta-Walkaway Wind Farm,Infrastructure,Power Plant,Operating,OTHER,Energy,"MID-WEST, Development Region","GREATER GERALDTON, CITY OF",114.892208,-28.922287,Y
S0236179,J05301,Yandin Wind Farm,Infrastructure,Power Plant,Operating,OTHER,Energy,"WHEATBELT, Development Region","DANDARAGAN, SHIRE OF",115.613492,-30.757824,Y
S0025511,J02940,Yandanooka HMS / Image,Deposit,Unspecified,Undeveloped,HEAVY MINERAL SANDS,Speciality metal,"MID-WEST, Development Region","MINGENEW, SHIRE OF",115.535417,-29.332167,Y
S0236299,J05330,Mondarra Underground Gas Storage Facility,Infrastructure,Processing Plant,Operating,PETROLEUM,Energy,"MID-WEST, Development Region","IRWIN, SHIRE OF",115.117841,-29.309984,Y
S0233998,J04869,Waitsia,Infrastructure,Handling-loading-storage,Operating,PETROLEUM,Other (MINEDEX non-minerals),"MID-WEST, Development Region","IRWIN, SHIRE OF",115.103204,-29.281017,Y
S0236157,J05298,Warradarge Wind Farm,Infrastructure,Power Plant,Operating,OTHER,Energy,"MID-WEST, Development Region","COOROW, SHIRE OF",115.4879,-29.9705,Y
S0001244,J00514,Eneabba / Iluka,Infrastructure,Processing Plant,Operating,HEAVY MINERAL SANDS,Speciality metal,"MID-WEST, Development Region","GREATER GERALDTON, CITY OF",114.678112,-28.817627,Y
S0022958,J01712,Geraldton Port Authority,Infrastructure,Port,Operating,UNASSIGNED,Other (MINEDEX non-minerals),"MID-WEST, Development Region","GREATER GERALDTON, CITY OF",114.594814,-28.776705,Y
S0239822,J05955,Haber,Infrastructure,Processing Plant,Proposed,OTHER,Other (MINEDEX non-minerals),"MID-WEST, Development Region","GREATER GERALDTON, CITY OF",114.680304,-28.820791,Y
S0001892,J00895,Lancelin / Westdeen,Mine,Openpit,Operating,LIMESTONE - LIMESAND,Industrial mineral,"WHEATBELT, Development Region","GINGIN, SHIRE OF",115.34756,-31.030411,Y
S0234330,J04090,Greenbushes Lithium,Infrastructure,Processing Plant,Operating,TIN - TANTALUM - LITHIUM,Speciality metal,METRO,"KWINANA, CITY OF",115.778415,-32.215868,Y
S0001568,J00485,Cooljarloo / Tronox,Infrastructure,Processing Plant,Operating,HEAVY MINERAL SANDS,Speciality metal,METRO,"KWINANA, CITY OF",115.774344,-32.228146,Y
S0001692,J00767,Kwinana Nickel Refinery,Infrastructure,Processing Plant,Care And Maintenance,NICKEL,Steel alloy metal,METRO,"ROCKINGHAM, CITY OF",115.764713,-32.251856,Y
S0001735,J00777,Jarrahdale - Kwinana,Infrastructure,Processing Plant,Shut,BAUXITE - ALUMINA,Alumina,METRO,"KWINANA, CITY OF",115.778408,-32.193217,Y
S0001738,J00779,Wagerup-Pinjarra / Alcoa,Infrastructure,Processing Plant,Operating,BAUXITE - ALUMINA,Alumina,"PEEL, Development Region","MURRAY, SHIRE OF",115.949655,-32.643204,Y
S0001994,J00960,Kwinana Bulk Terminal,Infrastructure,Port,Operating,UNASSIGNED,Other (MINEDEX non-minerals),,,115.765317,-32.208755,Y
S0003516,J01435,Perth Mint,Infrastructure,Processing Plant,Operating,GOLD,Precious metal,METRO,"BELMONT, CITY OF",115.96931,-31.961228,Y
S0004995,J01288,Rockingham Fused Zirconia-Alumina,Infrastructure,Processing Plant,Operating,HEAVY MINERAL SANDS,Speciality metal,METRO,"ROCKINGHAM, CITY OF",115.762108,-32.262992,Y
S0005024,J00896,Cockburn Sound Limesand,Mine,Dredging Area,Operating,LIMESTONE - LIMESAND,Construction material,METRO,"COCKBURN, CITY OF",115.661703,-32.07609,Y
S0019344,J02573,Fremantle Port Authority,Infrastructure,Port,Operating,UNASSIGNED,Other (MINEDEX non-minerals),METRO,"FREMANTLE, CITY OF",115.737812,-32.056128,Y
S0019409,J00896,Cockburn Sound Limesand,Infrastructure,Processing Plant,Operating,CONSTRUCTION MATERIALS,Construction material,METRO,"KWINANA, CITY OF",115.77441,-32.211466,Y
S0019503,J02618,Kwinana Power / Western Power,Infrastructure,Power Plant,Operating,OTHER,Energy,METRO,"KWINANA, CITY OF",115.774336,-32.198447,Y
S0019504,J02619,Kwinana LPG-LNG,Infrastructure,Processing Plant,Operating,PETROLEUM,Energy,METRO,"KWINANA, CITY OF",115.77794,-32.218199,Y
S0020259,J00779,Wagerup-Pinjarra / Alcoa,Infrastructure,Power Plant,Operating,OTHER,Energy,"PEEL, Development Region","MURRAY, SHIRE OF",115.946896,-32.647208,Y
S0020260,J02735,Kemerton Power / Transfield,Infrastructure,Power Plant,Operating,OTHER,Energy,"SOUTH WEST, Development Region","HARVEY, SHIRE OF",115.779613,-33.164876,Y
S0022206,J02618,Kwinana Power / Western Power,Infrastructure,Power Plant,Operating,OTHER,Energy,METRO,"KWINANA, CITY OF",115.775814,-32.200247,Y
S0023035,J00984,Kwinana Chemical Complex / CSBP,Infrastructure,Processing Plant,Operating,CHEMICALS,Other (MINEDEX non-minerals),METRO,"KWINANA, CITY OF",115.767009,-32.238287,Y
S0023212,J00779,Wagerup-Pinjarra / Alcoa,Infrastructure,Power Plant,Under Development,OTHER,Energy,"PEEL, Development Region","WAROONA, SHIRE OF",115.918514,-32.915488,Y
S0019248,J01107,Gnangara Silica Sand / Heidelberg Materials,Mine,Openpit,Operating,SILICA - SILICA SAND,Industrial mineral,METRO,"SWAN, CITY OF",115.933685,-31.750795,Y
S0236665,J04872,Mt Holland Lithium / Wesfarmers & SQM,Infrastructure,Processing Plant,Operating,TIN - TANTALUM - LITHIUM,Speciality metal,METRO,"KWINANA, CITY OF",115.770401,-32.218743,Y
S0001741,J00779,Wagerup-Pinjarra / Alcoa,Infrastructure,Processing Plant,Operating,BAUXITE - ALUMINA,Alumina,"PEEL, Development Region","WAROONA, SHIRE OF",115.913069,-32.913229,Y
S0234792,J05000,Muchea Silica Sand / VRX Silica,Mine,Unspecified,Proposed,SILICA - SILICA SAND,Industrial mineral,"WHEATBELT, Development Region","CHITTERING, SHIRE OF",115.882222,-31.494624,Y
S0019506,J02621,Kwinana Chlor Alkali Plant / Coogee Chemicals,Infrastructure,Processing Plant,Operating,CHEMICALS,Other (MINEDEX non-minerals),METRO,"KWINANA, CITY OF",115.775211,-32.231336,Y
S0002094,J00984,Kwinana Chemical Complex / CSBP,Infrastructure,Processing Plant,Operating,CHEMICALS,Other (MINEDEX non-minerals),METRO,"KWINANA, CITY OF",115.773302,-32.241918,Y
S0237251,J05495,Graphite Plant / First Graphene,Infrastructure,Processing Plant,Operating,GRAPHITE,Industrial mineral,METRO,"COCKBURN, CITY OF",115.780308,-32.151106,Y
S0237610,J05538,Kwinana EcoGraf plant,Infrastructure,Processing Plant,Operating,GRAPHITE,Industrial mineral,METRO,"KWINANA, CITY OF",115.784018,-32.215732,Y
S0237957,J05480,Cadoux Kaolin / Cadoux Limited,Infrastructure,Processing Plant,Proposed,CLAYS,Industrial mineral,METRO,"ROCKINGHAM, CITY OF",115.762103,-32.258858,Y
S0223610,J03669,Karnup Sand / Eclipse,Mine,Openpit,Operating,CONSTRUCTION MATERIALS,Construction material,METRO,"ROCKINGHAM, CITY OF",115.820191,-32.38936,Y
S0240470,J06084,Bristol Springs Renewable Energy,Infrastructure,Power Plant,Proposed,OTHER,Energy,"PEEL, Development Region","WAROONA, SHIRE OF",115.779455,-32.914213,Y
S0240785,J06167,Hazer Commercial Demonstration Plant (CDP),Infrastructure,Processing Plant,Under Development,GRAPHITE,Industrial mineral,METRO,"COCKBURN, CITY OF",115.772151,-32.143014,Y
S0023564,J03499,Neerabup Power Station,Infrastructure,Power Plant,Operating,OTHER,Energy,METRO,"WANNEROO, CITY OF",115.802084,-31.671163,Y
S0242388,J06642,HiPurA HPA,Infrastructure,Processing Plant,Operating,CLAYS,Alumina,METRO,"FREMANTLE, CITY OF",115.798286,-32.058622,Y
S0242527,J06681,Kwinana Cobalt Refinery,Infrastructure,Processing Plant,Proposed,NICKEL,Steel alloy metal,METRO,"ROCKINGHAM, CITY OF",115.762795,-32.263614,Y
S0246463,J07070,Benger Solar Farm,Infrastructure,Power Plant,Proposed,OTHER,Energy,"SOUTH WEST, Development Region","HARVEY, SHIRE OF",115.789341,-33.203824,Y
S0246915,J07146,Kwinana Strategic Industrial Area,Infrastructure,Other,Proposed,UNASSIGNED,Other (MINEDEX non-minerals),,"KWINANA, CITY OF",115.768125,-32.212781,Y
S0001567,J00485,Cooljarloo / Tronox,Infrastructure,Processing Plant,Operating,HEAVY MINERAL SANDS,Speciality metal,"WHEATBELT, Development Region","CHITTERING, SHIRE OF",115.966238,-31.531753,Y
S0004231,J01642,Bidaminna - North Perth Basin,Mine,Openpit,Proposed,HEAVY MINERAL SANDS,Speciality metal,"WHEATBELT, Development Region","GINGIN, SHIRE OF",115.600144,-31.096806,Y
S0022977,J03358,Centauri 1 Power,Infrastructure,Power Plant,Proposed,OTHER,Energy,"MID-WEST, Development Region","IRWIN, SHIRE OF",115.021114,-29.268547,Y
S0236948,J05434,Arrowsmith North Silica Sand / VRX Silica,Mine,Openpit,Proposed,SILICA - SILICA SAND,Industrial mineral,"MID-WEST, Development Region","IRWIN, SHIRE OF",115.110385,-29.512872,Y
S0237620,J05540,Beharra Silica Sand,Deposit,Unspecified,Undeveloped,SILICA - SILICA SAND,Industrial mineral,"MID-WEST, Development Region","IRWIN, SHIRE OF",115.111296,-29.426209,Y
S0229822,J01095,Collie / Premier,Mine,Openpit,Operating,COAL,Energy,"SOUTH WEST, Development Region","COLLIE, SHIRE OF",116.300011,-33.386265,Y
S0005724,J01096,Collie / Lanco,Mine,Openpit,Operating,COAL,Energy,"SOUTH WEST, Development Region","COLLIE, SHIRE OF",116.259853,-33.35459,Y
S0020172,J00478,Cataby / Iluka,Mine,Openpit,Care And Maintenance,HEAVY MINERAL SANDS,Speciality metal,"WHEATBELT, Development Region","DANDARAGAN, SHIRE OF",115.56731,-30.798576,Y
S0031074,J00485,Cooljarloo / Tronox,Mine,Openpit,Operating,HEAVY MINERAL SANDS,Speciality metal,"WHEATBELT, Development Region","DANDARAGAN, SHIRE OF",115.360692,-30.593292,Y
S0020343,J02752,Jingemia Petroleum,Infrastructure,Handling-loading-storage,Operating,PETROLEUM,Other (MINEDEX non-minerals),"MID-WEST, Development Region","IRWIN, SHIRE OF",114.989572,-29.338923,Y
S0233684,J02521,Bunbury Port / Southern Ports Authority,Infrastructure,Port,Operating,UNASSIGNED,Other (MINEDEX non-minerals),"SOUTH WEST, Development Region","BUNBURY, CITY OF",115.660829,-33.324265,Y
S0001570,J02560,Dardanup / Doral,Infrastructure,Processing Plant,Operating,HEAVY MINERAL SANDS,Speciality metal,"SOUTH WEST, Development Region","BUNBURY, CITY OF",115.702312,-33.351648,Y
S0001573,J01034,Bunbury Area Operations / Tronox,Infrastructure,Processing Plant,Operating,HEAVY MINERAL SANDS,Speciality metal,"SOUTH WEST, Development Region","BUNBURY, CITY OF",115.65409,-33.320318,Y
S0001917,J00918,Kemerton Silicon / Simcoa,Infrastructure,Processing Plant,Operating,SILICA - SILICA SAND,Industrial mineral,"SOUTH WEST, Development Region","HARVEY, SHIRE OF",115.748409,-33.220137,Y
S0002638,J01208,Kemerton TiO2 Pigment Plant,Infrastructure,Processing Plant,Operating,HEAVY MINERAL SANDS,Speciality metal,"SOUTH WEST, Development Region","HARVEY, SHIRE OF",115.756511,-33.217638,Y
S0236200,J04090,Greenbushes Lithium,Infrastructure,Processing Plant,Care And Maintenance,TIN - TANTALUM - LITHIUM,Speciality metal,"SOUTH WEST, Development Region","HARVEY, SHIRE OF",115.762011,-33.203986,Y
S0022534,J04330,Yalyalup - Yoongarillup / Doral,Mine,Openpit,Operating,HEAVY MINERAL SANDS,Speciality metal,"SOUTH WEST, Development Region","BUSSELTON, CITY OF",115.468721,-33.694527,Y
S0019399,J02590,Kemerton Chlor Alkali / Coogee Chemicals,Infrastructure,Processing Plant,Operating,CHEMICALS,Other (MINEDEX non-minerals),"SOUTH WEST, Development Region","HARVEY, SHIRE OF",115.759209,-33.217679,Y
S0001488,J01034,Bunbury Area Operations / Tronox,Mine,Openpit,Operating,HEAVY MINERAL SANDS,Speciality metal,"SOUTH WEST, Development Region","BUSSELTON, CITY OF",115.474053,-33.646695,Y
S0246460,J07069,Kemerton Strategic Industrial Area,Infrastructure,Other,Operating,UNASSIGNED,Other (MINEDEX non-minerals),"SOUTH WEST, Development Region","HARVEY, SHIRE OF",115.749334,-33.209154,Y
S0226111,J04147,Greenough River Solar Farm,Infrastructure,Power Plant,Operating,OTHER,Energy,"MID-WEST, Development Region","GREATER GERALDTON, CITY OF",115.111465,-28.904159,Y
S0001459,J00673,Sorby Hills,Mine,Openpit,Proposed,COPPER - LEAD - ZINC,Base metal,"KIMBERLEY, Development Region","WYNDHAM-EAST KIMBERLEY, SHIRE OF",128.980883,-15.452699,Y
S0224624,J03872,Collgar Wind Farm,Infrastructure,Power Plant,Operating,OTHER,Energy,"WHEATBELT, Development Region","MERREDIN, SHIRE OF",118.481001,-31.573614,Y
S0229604,J04253,Jaurdi - Cammi's Creek,Mine,Openpit,Care And Maintenance,GOLD,Precious metal,"GOLDFIELDS-ESPERANCE, Development Region","COOLGARDIE, SHIRE OF",120.939397,-30.730686,Y
S0229922,J02291,Mt Zephyr Calcrete,Mine,Openpit,Operating,LIMESTONE - LIMESAND,Industrial mineral,"GOLDFIELDS-ESPERANCE, Development Region","LAVERTON, SHIRE OF",122.139405,-28.487998,Y
S0230634,J04422,Flat Rocks Wind Farm,Infrastructure,Power Plant,Operating,OTHER,Energy,"GREAT SOUTHERN, Development Region","BROOMEHILL-TAMBELLUP, SHIRE OF",117.344149,-33.963794,Y
S0232417,J03961,Caravel Copper,Deposit,Unspecified,Undeveloped,COPPER - LEAD - ZINC,Base metal,"WHEATBELT, Development Region","WONGAN-BALLIDU, SHIRE OF",116.618928,-30.968715,Y
S0234027,J04813,Lake Wells Potash / Australian Potash,Deposit,Unspecified,Undeveloped,POTASH,Industrial mineral,"GOLDFIELDS-ESPERANCE, Development Region","LAVERTON, SHIRE OF",123.004514,-27.251075,Y
S0000008,J00007,Katanning Gold,Deposit,Unspecified,Undeveloped,GOLD,Precious metal,"GREAT SOUTHERN, Development Region","KATANNING, SHIRE OF",117.908152,-33.543356,Y
S0000671,J00094,Porphyry - Northern Operations,Mine,Openpit,Operating,GOLD,Precious metal,"GOLDFIELDS-ESPERANCE, Development Region","MENZIES, SHIRE OF",122.285985,-29.799041,Y
S0000770,J00357,Edna May - Westonia,Mine,Openpit,Care And Maintenance,GOLD,Precious metal,"WHEATBELT, Development Region","WESTONIA, SHIRE OF",118.698549,-31.290245,Y
S0001689,J00551,Kambalda / BHP,Infrastructure,Processing Plant,Care And Maintenance,NICKEL,Steel alloy metal,"GOLDFIELDS-ESPERANCE, Development Region","COOLGARDIE, SHIRE OF",121.668731,-31.189241,Y
S0001727,J00776,Worsley,Infrastructure,Processing Plant,Operating,BAUXITE - ALUMINA,Alumina,"SOUTH WEST, Development Region","COLLIE, SHIRE OF",116.070204,-33.239367,Y
S0001866,J00872,Lake Deborah East Salt,Mine,Pond,Operating,SALT,Industrial mineral,"WHEATBELT, Development Region","YILGARN, SHIRE OF",119.402593,-30.669485,Y
S0002384,J01073,Tampia,Mine,Openpit,Care And Maintenance,GOLD,Precious metal,"WHEATBELT, Development Region","NAREMBEEN, SHIRE OF",118.451708,-32.162337,Y
S0005019,J03356,South Three - Kal East,Deposit,Unspecified,Undeveloped,GOLD,Precious metal,"GOLDFIELDS-ESPERANCE, Development Region","KALGOORLIE-BOULDER, CITY OF",121.950554,-30.894652,Y
S0005315,J02013,Dalgaranga - Gilbeys,Mine,Openpit,Under Development,GOLD,Precious metal,"MID-WEST, Development Region","MOUNT MAGNET, SHIRE OF",117.265236,-27.846227,Y
S0005625,J02127,Rowes Find - Kal East Gold Project,Deposit,Unspecified,Undeveloped,GOLD,Precious metal,"GOLDFIELDS-ESPERANCE, Development Region","KALGOORLIE-BOULDER, CITY OF",122.83849,-30.840877,Y
S0006416,J00292,Paddington - Mt Pleasant,Mine,Openpit,Operating,GOLD,Precious metal,"GOLDFIELDS-ESPERANCE, Development Region","KALGOORLIE-BOULDER, CITY OF",121.41331,-30.412607,Y
S0006651,J00417,Plutonic Gold,Mine,Decline,Operating,GOLD,Precious metal,"MID-WEST, Development Region","MEEKATHARRA, SHIRE OF",119.442309,-25.301946,Y
S0019358,J02577,Collie Power,Infrastructure,Power Plant,Operating,OTHER,Energy,"SOUTH WEST, Development Region","COLLIE, SHIRE OF",116.306308,-33.446576,Y
S0020380,J00134,Granny Smith,Mine,Decline,Operating,GOLD,Precious metal,"GOLDFIELDS-ESPERANCE, Development Region","LAVERTON, SHIRE OF",122.305127,-28.852129,Y
S0020489,J03086,Meckering Kaolin / Altech,Mine,Openpit,Proposed,CLAYS,Industrial mineral,"WHEATBELT, Development Region","CUNDERDIN, SHIRE OF",117.060851,-31.684731,Y
S0240281,J04902,Kathleen Valley Lithium,Infrastructure,Power Plant,Operating,OTHER,Energy,"GOLDFIELDS-ESPERANCE, Development Region","LEONORA, SHIRE OF",120.547895,-27.460086,Y
S0240463,J05975,Collie Graphite Hub,Infrastructure,Processing Plant,Under Development,GRAPHITE,Industrial mineral,"SOUTH WEST, Development Region","COLLIE, SHIRE OF",116.14415,-33.342847,Y
S0237193,J05480,Cadoux Kaolin / Cadoux Limited,Mine,Openpit,Proposed,CLAYS,Industrial mineral,"WHEATBELT, Development Region","WONGAN-BALLIDU, SHIRE OF",117.195783,-30.677547,Y
S0241578,J05005,Symes Find / Mt Hampton,Mine,Openpit,Operating,GOLD,Precious metal,"WHEATBELT, Development Region","YILGARN, SHIRE OF",119.065279,-31.831781,Y
S0241872,J06169,Lake Hope / Impact Minerals,Deposit,Unspecified,Undeveloped,CLAYS,Industrial mineral,"GOLDFIELDS-ESPERANCE, Development Region","DUNDAS, SHIRE OF",120.269041,-32.42473,Y
S0241912,J05074,Bundarra / Bligh,Mine,Decline,Operating,GOLD,Precious metal,"GOLDFIELDS-ESPERANCE, Development Region","LEONORA, SHIRE OF",121.181529,-28.340669,Y
S0242252,J04902,Kathleen Valley Lithium,Infrastructure,Power Plant,Operating,OTHER,Energy,"GOLDFIELDS-ESPERANCE, Development Region","LEONORA, SHIRE OF",120.521817,-27.474931,Y
S0243411,J04770,Bellevue,Infrastructure,Power Plant,Operating,OTHER,Energy,"GOLDFIELDS-ESPERANCE, Development Region","LEONORA, SHIRE OF",120.541689,-27.58927,Y
S0246300,J00776,Worsley,Infrastructure,Power Plant,Operating,OTHER,Energy,"SOUTH WEST, Development Region","COLLIE, SHIRE OF",116.068705,-33.235176,Y
S0246760,J07118,Collie Solar PV and Battery Storage System / Enpowered,Infrastructure,Power Plant,Proposed,OTHER,Energy,"SOUTH WEST, Development Region","COLLIE, SHIRE OF",116.2865,-33.2951,Y
S0246762,J07120,Collie Battery / Neoen,Infrastructure,Power Plant,Operating,OTHER,Energy,"SOUTH WEST, Development Region","COLLIE, SHIRE OF",116.2914,-33.3113,Y
S0246912,J07143,Mungari Strategic Industrial Area,Infrastructure,Other,Proposed,UNASSIGNED,Other (MINEDEX non-minerals),"GOLDFIELDS-ESPERANCE, Development Region","COOLGARDIE, SHIRE OF",121.256766,-30.85469,Y
S0022195,J03040,Jack Hills,Mine,Openpit,Care And Maintenance,IRON ORE,Iron,"MID-WEST, Development Region","MEEKATHARRA, SHIRE OF",117.24101,-26.054556,Y
S0241967,J03454,Mt Gould Iron,Mine,Openpit,Operating,IRON ORE,Iron,"MID-WEST, Development Region","MEEKATHARRA, SHIRE OF",117.333837,-25.79861,Y
S0229634,J04167,Nova-Bollinger,Mine,Decline,Operating,NICKEL,Steel alloy metal,"GOLDFIELDS-ESPERANCE, Development Region","DUNDAS, SHIRE OF",123.192423,-31.819872,Y
S0233293,J04167,Nova-Bollinger,Infrastructure,Power Plant,Operating,NICKEL,Steel alloy metal,"GOLDFIELDS-ESPERANCE, Development Region","DUNDAS, SHIRE OF",123.191759,-31.839034,Y
S0004394,J01675,Esperance Port Authority,Infrastructure,Port,Operating,UNASSIGNED,Other (MINEDEX non-minerals),"GOLDFIELDS-ESPERANCE, Development Region","ESPERANCE, SHIRE OF",121.899813,-33.874536,Y
S0020155,J02718,Esperance Power,Infrastructure,Power Plant,Operating,OTHER,Energy,"GOLDFIELDS-ESPERANCE, Development Region","ESPERANCE, SHIRE OF",121.899813,-33.876245,Y
S0004356,J00009,Duketon / Regis Resources,Mine,Openpit,Operating,GOLD,Precious metal,"GOLDFIELDS-ESPERANCE, Development Region","LAVERTON, SHIRE OF",122.367212,-28.167236,Y
S0020461,J00233,Brightstar / Stone,Mine,Openpit,Proposed,GOLD,Precious metal,"GOLDFIELDS-ESPERANCE, Development Region","LAVERTON, SHIRE OF",122.725654,-28.724517,Y
S0229818,J04481,Browns Range Rare Earths,Mine,Openpit,Care And Maintenance,RARE EARTHS,Speciality metal,"KIMBERLEY, Development Region","HALLS CREEK, SHIRE OF",128.939821,-18.859462,Y
S0224948,J03957,Port Hedland Power,Infrastructure,Power Plant,Operating,OTHER,Energy,"PILBARA, Development Region","PORT HEDLAND, TOWN OF",118.607285,-20.372619,Y
S0223270,J00484,Robe River - Deepdale,Infrastructure,Port,Operating,IRON ORE,Iron,"PILBARA, Development Region","KARRATHA, CITY OF",117.20358,-20.575444,Y
S0019097,J02520,Dampier Ports,Infrastructure,Port,Operating,IRON ORE,Iron,"PILBARA, Development Region","KARRATHA, CITY OF",116.674622,-20.649035,Y
S0224244,J02511,McPhee Creek,Mine,Openpit,Operating,IRON ORE,Iron,"PILBARA, Development Region","EAST PILBARA, SHIRE OF",120.114753,-21.582037,Y
S0002166,J00720,Wodgina Mining Assets / Mineral Resources,Mine,Openpit,Operating,TIN - TANTALUM - LITHIUM,Speciality metal,"PILBARA, Development Region","PORT HEDLAND, TOWN OF",118.674102,-21.190319,Y
S0022265,J03673,Sanjiv Ridge,Mine,Openpit,Operating,IRON ORE,Iron,"PILBARA, Development Region","EAST PILBARA, SHIRE OF",119.666145,-21.473677,Y
S0239438,J04392,Miralga Creek,Mine,Openpit,Operating,IRON ORE,Iron,"PILBARA, Development Region","EAST PILBARA, SHIRE OF",119.436307,-20.971838,Y
S0001357,J00711,Whim Creek - Mons Cupri,Mine,Openpit,Care And Maintenance,COPPER - LEAD - ZINC,Base metal,"PILBARA, Development Region","KARRATHA, CITY OF",117.808033,-20.881539,Y
S0001443,J00657,Salt Creek,Deposit,Unspecified,Undeveloped,COPPER - LEAD - ZINC,Base metal,"PILBARA, Development Region","KARRATHA, CITY OF",117.704508,-20.757098,Y
S0005304,J02251,Pilbara Gold - Western Mining Centre,Deposit,Unspecified,Undeveloped,GOLD,Precious metal,"PILBARA, Development Region","KARRATHA, CITY OF",117.879107,-20.977525,Y
S0238010,J02786,Hemi Gold,Deposit,Unspecified,Undeveloped,GOLD,Precious metal,"PILBARA, Development Region","PORT HEDLAND, TOWN OF",118.427678,-20.863369,Y
S0000247,J00126,Blue Spec / Novo,Mine,Shaft,Proposed,GOLD,Precious metal,"PILBARA, Development Region","EAST PILBARA, SHIRE OF",120.273032,-21.820903,Y
S0225571,J00850,Mt Regal / Heidelberg Materials,Mine,Openpit,Operating,CONSTRUCTION MATERIALS,Construction material,"PILBARA, Development Region","KARRATHA, CITY OF",116.746681,-20.82848,Y
S0232257,J04101,Mt Regal / Archipelago-Spinifex,Mine,Openpit,Operating,CONSTRUCTION MATERIALS,Construction material,"PILBARA, Development Region","KARRATHA, CITY OF",116.730908,-20.818404,Y
S0003983,J01849,Mt Regal / Boral,Mine,Openpit,Operating,CONSTRUCTION MATERIALS,Construction material,"PILBARA, Development Region","KARRATHA, CITY OF",116.72733,-20.824582,Y
S0003143,J03305,Sulphur Springs,Mine,Decline,Operating,COPPER - LEAD - ZINC,Base metal,"PILBARA, Development Region","EAST PILBARA, SHIRE OF",119.211963,-21.146496,Y
S0225038,J03973,Marble Bar and Nullagine Solar-Diesel Power,Infrastructure,Power Plant,Operating,OTHER,Energy,"PILBARA, Development Region","EAST PILBARA, SHIRE OF",119.742247,-21.163392,Y
S0006553,J02267,Warrawoona Gold / Calidus,Mine,Openpit,Operating,GOLD,Precious metal,"PILBARA, Development Region","EAST PILBARA, SHIRE OF",119.892312,-21.338096,Y
S0001007,J00026,Boddington Gold,Mine,Openpit,Operating,GOLD,Precious metal,"PEEL, Development Region","BODDINGTON, SHIRE OF",116.35753,-32.753064,Y
S0001726,J00776,Worsley,Mine,Openpit,Operating,BAUXITE - ALUMINA,Alumina,"PEEL, Development Region","BODDINGTON, SHIRE OF",116.455913,-32.931547,Y
S0001731,J04090,Greenbushes Lithium,Mine,Openpit,Operating,TIN - TANTALUM - LITHIUM,Speciality metal,"SOUTH WEST, Development Region","BRIDGETOWN-GREENBUSHES, SHIRE OF",116.065805,-33.858907,Y
S0019357,J02577,Collie Power,Infrastructure,Power Plant,Operating,OTHER,Energy,"SOUTH WEST, Development Region","COLLIE, SHIRE OF",116.261402,-33.341902,Y
S0021372,J02947,Bluewaters Power - Collie,Infrastructure,Power Plant,Operating,OTHER,Energy,"SOUTH WEST, Development Region","COLLIE, SHIRE OF",116.228563,-33.33054,Y
S0233303,J04512,Pilgangoora / Pilbara Minerals,Mine,Openpit,Operating,TIN - TANTALUM - LITHIUM,Speciality metal,"PILBARA, Development Region","EAST PILBARA, SHIRE OF",118.90524,-21.056337,Y
S0223643,J03641,Mt Webber,Mine,Openpit,Operating,IRON ORE,Iron,"PILBARA, Development Region","EAST PILBARA, SHIRE OF",119.308498,-21.530175,Y
S0236504,J03644,Iron Bridge,Mine,Openpit,Operating,IRON ORE,Iron,"PILBARA, Development Region","EAST PILBARA, SHIRE OF",119.060195,-21.249474,Y
S0232055,J03644,Iron Bridge,Infrastructure,Power Plant,Operating,IRON ORE,Iron,"PILBARA, Development Region","EAST PILBARA, SHIRE OF",119.041173,-21.261625,Y
S0001768,J00794,Balla Balla Magnetite-Vanadium,Mine,Openpit,Proposed,VANADIUM - TITANIUM,Steel alloy metal,"PILBARA, Development Region","KARRATHA, CITY OF",117.775183,-20.765433,Y
S0004558,J01715,Port Hedland Ports,Infrastructure,Port,Operating,UNASSIGNED,Other (MINEDEX non-minerals),"PILBARA, Development Region","PORT HEDLAND, TOWN OF",118.572909,-20.314777,Y
S0023497,J03482,Liberty - Indee,Deposit,Unspecified,Undeveloped,COPPER - LEAD - ZINC,Base metal,"PILBARA, Development Region","KARRATHA, CITY OF",117.847208,-21.096425,Y
S0023636,J00869,Port Hedland Salt,Mine,Pond,Operating,SALT,Industrial mineral,"PILBARA, Development Region","PORT HEDLAND, TOWN OF",118.93661,-20.257086,Y
S0242285,J00688,Tabba Tabba - Strelley,Deposit,Unspecified,Undeveloped,TIN - TANTALUM - LITHIUM,Speciality metal,"PILBARA, Development Region","EAST PILBARA, SHIRE OF",118.917412,-20.67178,Y
S0246906,J07138,Boodarie Strategic Industrial Area,Infrastructure,Other,Proposed,UNASSIGNED,Other (MINEDEX non-minerals),"PILBARA, Development Region","PORT HEDLAND, TOWN OF",118.524433,-20.41173,Y
S0237940,J05605,Pilbara Energy Transmission Project,Infrastructure,Other,Operating,OTHER,Energy,"PILBARA, Development Region","PORT HEDLAND, TOWN OF",118.940327,-21.832839,Y
S0223001,J00534,Hamersley Iron Miscellaneous / Rio Tinto,Infrastructure,Power Plant,Operating,OTHER,Energy,"PILBARA, Development Region","KARRATHA, CITY OF",116.742372,-20.762427,Y
S0023606,J03513,Devil Creek Domestic Gas and Borrow Pit,Infrastructure,Processing Plant,Operating,PETROLEUM,Energy,"PILBARA, Development Region","KARRATHA, CITY OF",116.415614,-20.901158,Y
S0001861,J00868,Dampier Salt,Mine,Pond,Operating,SALT,Industrial mineral,"PILBARA, Development Region","KARRATHA, CITY OF",116.718052,-20.724011,Y
S0237609,J05537,Eramurra Salt,Mine,Pond,Proposed,SALT,Industrial mineral,"PILBARA, Development Region","KARRATHA, CITY OF",116.300725,-20.919948,Y
S0242504,J06284,Blue Hydrogen - West Australian Clean Hydrogen (WAH2),Infrastructure,Other,Proposed,PETROLEUM,Other (MINEDEX non-minerals),"PILBARA, Development Region","KARRATHA, CITY OF",116.662169,-20.822089,Y
S0246909,J07141,Maitland Strategic Industrial Area,Infrastructure,Other,Proposed,UNASSIGNED,Other (MINEDEX non-minerals),"PILBARA, Development Region","KARRATHA, CITY OF",116.596375,-20.798726,Y
S0225440,J04038,Anketell Port and Infrastructure,Infrastructure,Port,Proposed,IRON ORE,Iron,"PILBARA, Development Region","KARRATHA, CITY OF",117.097348,-20.628751,Y
S0229916,J03830,Buckland - Bungaroo South,Infrastructure,Port,Proposed,IRON ORE,Iron,"PILBARA, Development Region","KARRATHA, CITY OF",116.223544,-20.845292,Y
S0004517,J00484,Robe River - Deepdale,Infrastructure,Power Plant,Operating,OTHER,Energy,"PILBARA, Development Region","KARRATHA, CITY OF",117.171312,-20.596207,Y
S0021154,J00446,Sino - Cape Preston Iron,Infrastructure,Port,Operating,IRON ORE,Iron,"PILBARA, Development Region","KARRATHA, CITY OF",116.202276,-20.840738,Y
S0246905,J07137,Anketell Strategic Industrial Area,Infrastructure,Other,Under Development,UNASSIGNED,Other (MINEDEX non-minerals),"PILBARA, Development Region","KARRATHA, CITY OF",117.072268,-20.66776,Y
S0224949,J03930,Paraburdoo / Rio Tinto,Infrastructure,Power Plant,Operating,OTHER,Energy,"PILBARA, Development Region","ASHBURTON, SHIRE OF",117.613649,-23.223877,Y
S0226212,J01320,Tom Price Aggregate,Mine,Openpit,Operating,CONSTRUCTION MATERIALS,Construction material,"PILBARA, Development Region","ASHBURTON, SHIRE OF",117.749634,-22.639156,Y
S0229358,J00706,West Angelas,Infrastructure,Power Plant,Operating,OTHER,Energy,"PILBARA, Development Region","EAST PILBARA, SHIRE OF",118.723776,-23.15429,Y
S0001599,J03123,Pilbara Iron / WA Iron,Deposit,Unspecified,Undeveloped,IRON ORE,Iron,"PILBARA, Development Region","ASHBURTON, SHIRE OF",117.464709,-22.823375,Y
S0001855,J00862,Newman Aggregate / Holcim,Mine,Openpit,Operating,CONSTRUCTION MATERIALS,Construction material,"PILBARA, Development Region","EAST PILBARA, SHIRE OF",119.696331,-23.321265,Y
S0003745,J00242,Paulsens,Mine,Decline,Operating,GOLD,Precious metal,"PILBARA, Development Region","ASHBURTON, SHIRE OF",116.242304,-22.579153,Y
S0021523,J03930,Paraburdoo / Rio Tinto,Infrastructure,Power Plant,Operating,OTHER,Energy,"PILBARA, Development Region","ASHBURTON, SHIRE OF",117.613224,-23.223218,Y
S0022821,J03313,Wonmunna Iron,Mine,Openpit,Operating,IRON ORE,Iron,"PILBARA, Development Region","EAST PILBARA, SHIRE OF",119.074187,-23.127001,Y
S0240731,J02267,Warrawoona Gold / Calidus,Infrastructure,Power Plant,Operating,OTHER,Energy,"PILBARA, Development Region","EAST PILBARA, SHIRE OF",119.89422,-21.355735,Y
S0245905,J04512,Pilgangoora / Pilbara Minerals,Infrastructure,Power Plant,Operating,TIN - TANTALUM - LITHIUM,Speciality metal,"PILBARA, Development Region","EAST PILBARA, SHIRE OF",118.894695,-21.048105,Y
S0020197,J02723,Tropicana,Mine,Openpit,Operating,GOLD,Precious metal,"GOLDFIELDS-ESPERANCE, Development Region","MENZIES, SHIRE OF",124.553911,-29.246066,Y
S0224947,J03956,Karratha Power Station,Infrastructure,Power Plant,Operating,OTHER,Energy,"PILBARA, Development Region","KARRATHA, CITY OF",116.837587,-20.762471,Y
S0225132,J03979,Broome Power,Infrastructure,Power Plant,Operating,OTHER,Energy,"KIMBERLEY, Development Region","BROOME, SHIRE OF",122.204273,-17.981877,Y
S0019348,J02574,Broome Port Authority,Infrastructure,Port,Operating,UNASSIGNED,Other (MINEDEX non-minerals),"KIMBERLEY, Development Region","BROOME, SHIRE OF",122.24631,-17.953435,Y
S0229720,J02723,Tropicana,Infrastructure,Power Plant,Operating,OTHER,Energy,"GOLDFIELDS-ESPERANCE, Development Region","LAVERTON, SHIRE OF",124.384684,-28.916766,Y
S0003633,J00394,Mulga Rock,Mine,Openpit,Proposed,URANIUM,Energy,"GOLDFIELDS-ESPERANCE, Development Region","MENZIES, SHIRE OF",123.65019,-29.935346,Y
